{"cap_flow": 7593.373634999998, "cap_fwd": 13898.487852999995, "cap_bwd": 9245.140604999988}